{
	"manufacturer": "TG0",
	"model_number": "etee-tracker-1.0",
	"device_class": "generic_tracker",
	"device_vid": 10462,
	"device_pid": 8960,
	"device_serial_number": "LHR-XXXXXXXX",
	
	"render_model": "{etee}etee_tracker",
	"resource_root": "etee",
	"input_profile": "{etee}/input/etee_tracker_profile.json",
	"tracked_controller_role": "",
	"revision": 0.13,
	
	
	"firmware_config": {
		"haptics": true,
		"haptics_driver": "mapped_input",
		"mapped_input": true,
		"mapped_input_mode_request": 3,
		"mapped_input_spi_clk": 1000000,
		"mode": "controller",
		"sensor_enable": "0x000fffff",
		"sensor_env_on_pin_a": "0x0007F040",
		"trackpad": false,
		"trigger": false,
		"power_off_button_press_ms": 5000,
		"charge_current_ma": 896,
		"charge_voltage_limit_mv": 4208,
		"recharge_voltage_mv": 100,
		"sys_min_voltage_mv": 3300,
		"charge_term_current_ma": 128,
		"batt_percentage_auto_off": 5,
		"battery_mv_minimum": 3000
	},
	"head": {
		"plus_x": [-1, 0, 0],
		"plus_z": [0, 0, -1],
		"position": [0, 0, 0]
	},
	"imu": {
		"acc_bias": [0.0612500012, 0.0569199994, 0.108999997],
		"acc_scale": [0.997600019, 0.997200012, 0.989099979],
		"gyro_bias": [-0.0179200005, -0.0170000009, -0.0213099997],
		"plus_x": [0, -1, 0],
		"plus_z": [0, 0, -1],
		"position": [-0.003602, -0.040763, -0.002234]
	},
	"lighthouse_config": {
		"channelMap": [0, 1, 2, 3, 4, 5, 6, 7, 8, 9, 10, 11, 12, 13, 14, 15, 16, 17, 18, 19],
		"modelNormals": [
			[-0.5447002, 0.0420595, -0.83757548],
			[0.14222786, -0.89156060, -0.42998947],
			[-0.00313236, 0.05983197, -0.99820355],
			[0.42311873, 0.44581346, -0.78880980],
			[-0.69395545, 0.29628370, -0.65623305],
			[0.95417785, -0.15171737, -0.25792725],
			[-0.09281682, 0.99568320, -0.00000000],
			[0.74687855, -0.66496047, -0.00000002],
			[0.95417785, -0.15171736, 0.25792726],
			[-0.69395544, 0.29628373, 0.65623303],
			[0.42311873, 0.44581350, 0.78880978],
			[-0.00313236, 0.05983201, 0.99820355],
			[0.14222786, -0.89156058, 0.42998951],
			[-0.54470020, 0.04205963, 0.83757548],
			[-0.76243605, -0.53170999, 0.36874889],
			[-0.41014848, -0.91201876, -0.00000003],
			[-0.01062649, 0.85769298, 0.51405236],
			[-0.89173956, 0.45254895, 0.00000002],
			[-0.01062649, 0.85769295, -0.51405240],
			[-0.76243606, -0.53171001, -0.36874886]
		],
		"modelPoints": [
			[0.00870761, -0.05090583, -0.01247279],
			[0.01818126, -0.05388657, -0.01029315],
			[0.02562665, -0.04557472, -0.01402589],
			[0.03704339, -0.04302409, -0.01253085],
			[0.06022216, -0.01815622, -0.00556709],
			[0.06718151, -0.01041790, -0.00466894],
			[0.06564995, -0.00388099, 0.00271000],
			[0.05706681, -0.03452467, 0.00271000],
			[0.06718151, -0.01041790, 0.01008894],
			[0.06022216, -0.01815622, 0.01098709],
			[0.03704339, -0.04302409, 0.01795086],
			[0.02562665, -0.04557472, 0.01944589],
			[0.01818126, -0.05388657, 0.01571315],
			[0.00870761, -0.05090583, 0.01789279],
			[-0.04026867, -0.03443149, 0.01114482],
			[-0.02181140, -0.05030451, 0.00271000],
			[-0.03820799, -0.02563399, 0.00827509],
			[-0.04514155, -0.02638996, 0.00271000],
			[-0.03820799, -0.02563399, -0.00285509],
			[-0.04026867, -0.03443149, -0.00572482]
		]
	}
}